state_code,zip_min,zip_max
AA,34000,34099
AE,9000,9999
AK,99501,99950
AL,35004,36925
AP,96200,96699
AR,71601,72959
AS,96799,96799
AZ,85001,86556
CA,90001,96162
CO,80001,81658
CT,6001,6389
DC,20001,20039
DE,19701,19980
FL,32004,34997
FM,96941,96944
GA,30001,31999
GU,96910,96932
HI,96701,96898
IA,50001,52809
ID,83201,83876
IL,60001,62999
IN,46001,47997
KS,66002,67954
KY,40003,42788
LA,70001,71232
MA,1001,2791
MD,20812,21930
ME,3901,4992
MH,96960,96970
MI,48001,49971
MN,55001,56763
MO,63001,65899
MP,96950,96952
MS,38601,39776
MT,59001,59937
NC,27006,28909
ND,58001,58856
NE,68001,68118
NH,3031,3897
NJ,7001,8989
NM,87001,88441
NV,88901,89883
NY,10001,14905
OH,43001,45999
OK,73001,73199
OR,97001,97920
PA,15001,19640
PR,600,799
PW,96940,96940
RI,2801,2940
SC,29001,29948
SD,57001,57799
TN,37010,38589
TX,75503,79999
UT,84001,84784
VA,22001,24658
VI,801,805
VT,5001,5495
WA,98001,99403
WI,53001,54990
WV,24701,26886
WY,82001,83128
